EmployeeID,EmployeeName,Department,Designation,Salary,JoiningDate,Location,ManagerID
E001,Ravi Kumar,IT,ETL Developer,650000,2022-05-10,Bangalore,M001
E002,Priya Sharma,HR,HR Executive,450000,2021-08-15,Hyderabad,M002
E003,Arjun Reddy,Finance,Accountant,550000,2020-03-20,Chennai,M003
E004,Sneha Patel,IT,Data Engineer,850000,2023-01-12,Pune,M001
E005,Rohit Verma,Sales,Sales Manager,900000,2019-11-05,Delhi,M004
E006,Anjali Gupta,Marketing,Marketing Analyst,600000,2022-07-18,Mumbai,M005
E007,Karan Singh,IT,QA Tester,500000,2021-09-30,Bangalore,M001
E008,Neha Reddy,Finance,Financial Analyst,700000,2023-04-25,Hyderabad,M003
E009,Vikram Rao,Operations,Operations Lead,800000,2020-12-10,Chennai,M006
E010,Meera Joshi,IT,Azure Data Engineer,950000,2024-02-01,Bangalore,M001
